{"cameraMode":{"drawMode":0,"name":"Shaded","section":"Shading Mode"},"sceneLighting":true,"audioPlay":false,"sceneViewState":{"showFog":true,"showMaterialUpdate":false,"showSkybox":true,"showFlares":true,"showImageEffects":true,"showParticleSystems":true},"in2DMode":false,"pivot":{"x":8.110085487365723,"y":22.209848403930665,"z":1.2789506912231446},"rotation":{"x":0.1712682545185089,"y":0.7666952013969421,"z":-0.5750695466995239,"w":0.22834354639053346},"size":4.90684175491333,"orthographic":false}