{"cameraMode":{"drawMode":0,"name":"Shaded","section":"Shading Mode"},"sceneLighting":false,"audioPlay":false,"sceneViewState":{"showFog":true,"showMaterialUpdate":false,"showSkybox":true,"showFlares":true,"showImageEffects":true,"showParticleSystems":true},"in2DMode":false,"pivot":{"x":-9.027745246887207,"y":22.461212158203126,"z":5.197840690612793},"rotation":{"x":-0.08105474710464478,"y":0.9004030823707581,"z":-0.19080661237239839,"w":-0.38248828053474429},"size":1.4289418458938599,"orthographic":false}