{"cameraMode":{"drawMode":0,"name":"Shaded","section":"Shading Mode"},"sceneLighting":false,"audioPlay":false,"sceneViewState":{"showFog":true,"showMaterialUpdate":false,"showSkybox":true,"showFlares":true,"showImageEffects":true,"showParticleSystems":true},"in2DMode":false,"pivot":{"x":-20.06999969482422,"y":2.950000286102295,"z":-3.0199999809265138},"rotation":{"x":-0.27000758051872256,"y":-0.7296429872512817,"z":0.45726510882377627,"w":-0.4308430552482605},"size":11.78335952758789,"orthographic":false}