{"cameraMode":{"drawMode":0,"name":"Shaded","section":"Shading Mode"},"sceneLighting":false,"audioPlay":false,"sceneViewState":{"showFog":true,"showMaterialUpdate":false,"showSkybox":true,"showFlares":true,"showImageEffects":true,"showParticleSystems":true},"in2DMode":false,"pivot":{"x":2.84309720993042,"y":3.4059395790100099,"z":1.280552864074707},"rotation":{"x":0.123919278383255,"y":0.2887648046016693,"z":-0.037722449749708179,"w":0.9485968351364136},"size":3.7764804363250734,"orthographic":false}