{"cameraMode":{"drawMode":0,"name":"Shaded","section":"Shading Mode"},"sceneLighting":false,"audioPlay":false,"sceneViewState":{"showFog":true,"showMaterialUpdate":false,"showSkybox":true,"showFlares":true,"showImageEffects":true,"showParticleSystems":true},"in2DMode":false,"pivot":{"x":0.0,"y":2.2100002765655519,"z":-2.384185791015625e-7},"rotation":{"x":0.4584941864013672,"y":-0.017327630892395974,"z":0.008941770531237126,"w":0.888483464717865},"size":5.715779781341553,"orthographic":false}