{"cameraMode":{"drawMode":0,"name":"Shaded","section":"Shading Mode"},"sceneLighting":false,"audioPlay":false,"sceneViewState":{"showFog":true,"showMaterialUpdate":false,"showSkybox":true,"showFlares":true,"showImageEffects":true,"showParticleSystems":true},"in2DMode":false,"pivot":{"x":-4.203911304473877,"y":-1.6897046566009522,"z":-5.199591636657715},"rotation":{"x":-0.07068312913179398,"y":0.9177265167236328,"z":-0.18985751271247865,"w":-0.34166663885116579},"size":9.996292114257813,"orthographic":false}