{"cameraMode":{"drawMode":0,"name":"Shaded","section":"Shading Mode"},"sceneLighting":false,"audioPlay":false,"sceneViewState":{"showFog":true,"showMaterialUpdate":false,"showSkybox":true,"showFlares":true,"showImageEffects":true,"showParticleSystems":true},"in2DMode":false,"pivot":{"x":-0.9936853647232056,"y":0.9760000109672546,"z":0.9079999923706055},"rotation":{"x":-0.08105474710464478,"y":0.9004030823707581,"z":-0.19080661237239839,"w":-0.38248828053474429},"size":5.745234966278076,"orthographic":false}