{"cameraMode":{"drawMode":0,"name":"Shaded","section":"Shading Mode"},"sceneLighting":false,"audioPlay":false,"sceneViewState":{"showFog":true,"showMaterialUpdate":false,"showSkybox":true,"showFlares":true,"showImageEffects":true,"showParticleSystems":true},"in2DMode":false,"pivot":{"x":-18.394258499145509,"y":5.392603874206543,"z":-1.5460116863250733},"rotation":{"x":-0.12327034771442414,"y":-0.5034720301628113,"z":-0.07283827662467957,"w":0.8520651459693909},"size":2.8578836917877199,"orthographic":false}