{"cameraMode":{"drawMode":0,"name":"Shaded","section":"Shading Mode"},"sceneLighting":false,"audioPlay":false,"sceneViewState":{"showFog":true,"showMaterialUpdate":false,"showSkybox":true,"showFlares":true,"showImageEffects":true,"showParticleSystems":true},"in2DMode":false,"pivot":{"x":-2.9351558685302736,"y":0.8799163103103638,"z":-2.024695873260498},"rotation":{"x":-0.0037231938913464548,"y":0.9924942851066589,"z":-0.11816556006669998,"w":-0.03127457946538925},"size":7.243074417114258,"orthographic":false}