{"cameraMode":{"drawMode":0,"name":"Shaded","section":"Shading Mode"},"sceneLighting":true,"audioPlay":false,"sceneViewState":{"showFog":true,"showMaterialUpdate":false,"showSkybox":true,"showFlares":true,"showImageEffects":true,"showParticleSystems":true},"in2DMode":false,"pivot":{"x":25.04050064086914,"y":1.1875001192092896,"z":25.06399917602539},"rotation":{"x":0.4584941864013672,"y":-0.017327630892395974,"z":0.008941770531237126,"w":0.888483464717865},"size":4.693729877471924,"orthographic":false}