{"cameraMode":{"drawMode":0,"name":"Shaded","section":"Shading Mode"},"sceneLighting":false,"audioPlay":false,"sceneViewState":{"showFog":true,"showMaterialUpdate":false,"showSkybox":true,"showFlares":true,"showImageEffects":true,"showParticleSystems":true},"in2DMode":false,"pivot":{"x":1.703641414642334,"y":1.6704201698303223,"z":-1.6317449808120728},"rotation":{"x":0.14947223663330079,"y":0.8463131189346314,"z":-0.40446925163269045,"w":0.31275689601898196},"size":5.769608020782471,"orthographic":false}