{"cameraMode":{"drawMode":0,"name":"Shaded","section":"Shading Mode"},"sceneLighting":false,"audioPlay":false,"sceneViewState":{"showFog":true,"showMaterialUpdate":false,"showSkybox":true,"showFlares":true,"showImageEffects":true,"showParticleSystems":true},"in2DMode":false,"pivot":{"x":-1.849257230758667,"y":0.1495664119720459,"z":-0.65279221534729},"rotation":{"x":-0.08105474710464478,"y":0.9004030823707581,"z":-0.19080661237239839,"w":-0.38248828053474429},"size":4.845234394073486,"orthographic":false}