{"cameraMode":{"drawMode":0,"name":"Shaded","section":"Shading Mode"},"sceneLighting":true,"audioPlay":false,"sceneViewState":{"showFog":true,"showMaterialUpdate":false,"showSkybox":true,"showFlares":true,"showImageEffects":true,"showParticleSystems":true},"in2DMode":false,"pivot":{"x":-0.910672664642334,"y":0.7490549087524414,"z":-0.10219550132751465},"rotation":{"x":-0.04315032437443733,"y":0.9561017155647278,"z":-0.18469278514385224,"w":-0.22337454557418824},"size":2.5347964763641359,"orthographic":false}