{"cameraMode":{"drawMode":0,"name":"Shaded","section":"Shading Mode"},"sceneLighting":true,"audioPlay":false,"sceneViewState":{"showFog":true,"showMaterialUpdate":false,"showSkybox":true,"showFlares":true,"showImageEffects":true,"showParticleSystems":true},"in2DMode":false,"pivot":{"x":-3.398494243621826,"y":11.037802696228028,"z":-7.181041240692139},"rotation":{"x":-0.07094797492027283,"y":-0.9194208383560181,"z":0.19539207220077516,"w":-0.3338469862937927},"size":2.925954818725586,"orthographic":false}