{"cameraMode":{"drawMode":0,"name":"Shaded","section":"Shading Mode"},"sceneLighting":false,"audioPlay":false,"sceneViewState":{"showFog":true,"showMaterialUpdate":false,"showSkybox":true,"showFlares":true,"showImageEffects":true,"showParticleSystems":true},"in2DMode":false,"pivot":{"x":0.0,"y":1.4600000381469727,"z":0.690000057220459},"rotation":{"x":0.14622503519058228,"y":-0.8537173271179199,"z":0.34796470403671267,"w":0.35875558853149416},"size":3.948054552078247,"orthographic":false}