{"cameraMode":{"drawMode":0,"name":"Shaded","section":"Shading Mode"},"sceneLighting":false,"audioPlay":false,"sceneViewState":{"showFog":true,"showMaterialUpdate":false,"showSkybox":true,"showFlares":true,"showImageEffects":true,"showParticleSystems":true},"in2DMode":false,"pivot":{"x":-0.9936853647232056,"y":0.05696535110473633,"z":-1.4805870056152344},"rotation":{"x":-0.08105474710464478,"y":0.9004030823707581,"z":-0.19080661237239839,"w":-0.38248828053474429},"size":3.6452341079711916,"orthographic":false}