{"cameraMode":{"drawMode":0,"name":"Shaded","section":"Shading Mode"},"sceneLighting":false,"audioPlay":false,"sceneViewState":{"showFog":true,"showMaterialUpdate":false,"showSkybox":true,"showFlares":true,"showImageEffects":true,"showParticleSystems":true},"in2DMode":false,"pivot":{"x":-0.7920960783958435,"y":-0.7759040594100952,"z":1.1356043815612794},"rotation":{"x":0.0019072514260187746,"y":0.9917712807655335,"z":-0.12714053690433503,"w":0.014877688139677048},"size":7.584371089935303,"orthographic":false}