{"cameraMode":{"drawMode":0,"name":"Shaded","section":"Shading Mode"},"sceneLighting":true,"audioPlay":false,"sceneViewState":{"showFog":true,"showMaterialUpdate":false,"showSkybox":true,"showFlares":true,"showImageEffects":true,"showParticleSystems":true},"in2DMode":false,"pivot":{"x":-3.9559526443481447,"y":19.03466796875,"z":-6.968439102172852},"rotation":{"x":-0.5840229988098145,"y":-0.12863968312740327,"z":0.09439725428819657,"w":-0.7959008812904358},"size":39.317893981933597,"orthographic":false}