{"cameraMode":{"drawMode":0,"name":"Shaded","section":"Shading Mode"},"sceneLighting":false,"audioPlay":false,"sceneViewState":{"showFog":true,"showMaterialUpdate":false,"showSkybox":true,"showFlares":true,"showImageEffects":true,"showParticleSystems":true},"in2DMode":false,"pivot":{"x":1.4451284408569337,"y":-1.6745448112487794,"z":-0.5665321350097656},"rotation":{"x":-0.2573792338371277,"y":-0.735565721988678,"z":0.498416543006897,"w":-0.379842072725296},"size":8.297975540161133,"orthographic":false}