{"cameraMode":{"drawMode":0,"name":"Shaded","section":"Shading Mode"},"sceneLighting":false,"audioPlay":false,"sceneViewState":{"showFog":true,"showMaterialUpdate":false,"showSkybox":true,"showFlares":true,"showImageEffects":true,"showParticleSystems":true},"in2DMode":false,"pivot":{"x":-2.015066623687744,"y":0.7069315910339356,"z":-1.1697697639465333},"rotation":{"x":0.025372253730893136,"y":-0.9722686409950256,"z":0.1950960010290146,"w":0.12644191086292268},"size":6.958361625671387,"orthographic":false}