{"cameraMode":{"drawMode":0,"name":"Shaded","section":"Shading Mode"},"sceneLighting":false,"audioPlay":false,"sceneViewState":{"showFog":true,"showMaterialUpdate":false,"showSkybox":true,"showFlares":true,"showImageEffects":true,"showParticleSystems":true},"in2DMode":false,"pivot":{"x":-9.027745246887207,"y":22.461212158203126,"z":5.197840690612793},"rotation":{"x":-0.20147360861301423,"y":-0.7830753922462463,"z":0.3191920816898346,"w":-0.4942851662635803},"size":1.4289418458938599,"orthographic":false}