{"cameraMode":{"drawMode":0,"name":"Shaded","section":"Shading Mode"},"sceneLighting":false,"audioPlay":false,"sceneViewState":{"showFog":true,"showMaterialUpdate":false,"showSkybox":true,"showFlares":true,"showImageEffects":true,"showParticleSystems":true},"in2DMode":false,"pivot":{"x":2.0439770221710207,"y":-0.7955927848815918,"z":-0.7406749725341797},"rotation":{"x":-0.051954466849565509,"y":-0.9348946809768677,"z":0.3155638873577118,"w":-0.15392236411571504},"size":8.297975540161133,"orthographic":false}